<?xml version="1.0" encoding="UTF-8"?>
<!--
To change this license header, choose License Headers in Project Properties.
To change this template file, choose Tools | Templates
and open the template in the editor.
-->


<root>
    <node name="Деталь">
        <node name="Ширина">
            <description>Ширина детали в мм</description>
            <value editable="true">20</value>
        </node>
        <node name="Высота">
        </node>
        <node name="Длина">
        </node>
    </node>
</root>
