<?xml version="1.0" encoding="UTF-8"?>
<!--
To change this license header, choose License Headers in Project Properties.
To change this template file, choose Tools | Templates
and open the template in the editor.
-->


<root name="Модель">
    <node name="Деталь">
        <node name="Ширина">
        </node>
        <node name="Высота">
        </node>
        <node name="Длина">
        </node>
    </node>
    <node name="Кулачек">
        <node name="Ширина">
        </node>
        <node name="Высота">
        </node>
        <node name="Длина">
        </node>
    </node>
    
</root>
