<?xml version="1.0" encoding="UTF-8"?>
<!--
To change this license header, choose License Headers in Project Properties.
To change this template file, choose Tools | Templates
and open the template in the editor.
-->


<root name="Модель">
    <node name="Деталь">
        <node name="Внешний радиус">
        </node>
        <node name="Внутренний радиус">
        </node>
        <node name="Длина">
        </node>
        <node name="Материал">
            <node name="Модуль упругости">
            </node>
            <node name="Коэффициент Пуассона">
            </node>
        </node>
    </node>
    <node name="Кулачки">
        <node name="Количество">
        </node>
        <node name="Величина смещения">
        </node>
        <node name="Размеры">
            <node name="Длина">
            </node>
            <node name="Высота">
            </node>
            <node name="Ширина">
            </node>
        </node>
        <node name="Материал">
            <node name="Модуль упругости">
            </node>
            <node name="Коэффициент Пуассона">
            </node>
        </node>
    </node>
    <node name="Силы резания">
        <node name="Проекции">
            <node name ="Касательная, Ftan">
            </node>
            <node name ="Радиальная, Frad">
            </node>
            <node name ="Осевая, Fax">
            </node>
        </node>
        <node name="Угловое положение">
        </node>
    </node>
</root>
